"QSI_TOWER","STRUCTURE","X","Y","Z1","Z2","H","LATITUDE","LONGITUDE","STR_GEOTAG","STR_TYPE"
"1","IGNACIO_SUB","6406425.521","1790005.661","8.323","61.45","53.13","38.07613117","-122.53924996","W12253924N3807613","Dead End"
"2","000/003","6406682.963","1790069.633","47.312","138.12","90.81","38.07631102","-122.53835704","W12253835N3807631","Dead End"
"3","000/004","6407615.174","1790039.793","4.44","87.63","83.19","38.0762442","-122.53511834","W12253511N3807624","Tangent"
"4","000/005","6408415.004","1790014.625","4.063","86.58","82.52","38.07618799","-122.53233958","W12253233N3807618","Tangent"
"5","000/006","6409234.955","1789987.979","3.932","87.7","83.77","38.07612798","-122.5294909","W12252949N3807612","Dead End"
"6","000/007","6409782.755","1790420.73","3.992","87.57","83.58","38.07732497","-122.52759682","W12252759N3807732","Tangent"
"7","000/008","6410361.203","1790877.013","-0.211","136.06","136.27","38.07858702","-122.52559668","W12252559N3807858","Dead End"
"8","000/009","6410939.392","1791333.766","5.332","141.86","136.53","38.07985032","-122.52359739","W12252359N3807985","Dead End"
"9","001/010","6411519.147","1791790.53","5.244","84.25","79.01","38.08111365","-122.52159258","W12252159N3808111","Tangent"
"10","001/011","6412296.734","1791913.718","1.271","85.5","84.23","38.08146411","-122.51889385","W12251889N3808146","Tangent"
"11","001/012","6413131.54","1792044.405","1.404","96.03","94.63","38.081836","-122.51599647","W12251599N3808183","Tangent"
"12","001/013","6414048.413","1792188.928","1.337","95.34","94.0","38.08224708","-122.51281424","W12251281N3808224","Tangent"
"13","001/014","6414889.964","1792321.932","1.392","85.96","84.57","38.08262528","-122.50989341","W12250989N3808262","Tangent"
"14","001/015","6415680.393","1792445.17","7.246","83.01","75.76","38.08297581","-122.50714996","W12250714N3808297","Tangent"
"15","002/016","6416170.779","1792771.078","-1.075","143.24","144.31","38.08387818","-122.50545271","W12250545N3808387","Dead End"
"16","002/017","6416827.725","1793206.165","-2.347","84.61","86.96","38.08508284","-122.5031789","W12250317N3808508","Tangent"
"17","002/018","6417490.284","1793645.286","-2.384","84.22","86.6","38.08629862","-122.50088558","W12250088N3808629","Tangent"
"18","002/019","6418135.112","1794074.169","-2.416","85.47","87.89","38.08748598","-122.4986536","W12249865N3808748","Dead End"
"19","002/020","6418309.904","1795160.612","6.469","185.14","178.67","38.09047174","-122.49806704","W12249806N3809047","Tangent"
"20","002/021","6418413.888","1795820.811","1.476","183.66","182.18","38.09228607","-122.49771833","W12249771N3809228","Tangent"
"21","002/022","6418579.637","1796878.306","1.382","87.04","85.66","38.09519221","-122.49716256","W12249716N3809519","Dead End"
"22","002/023","6418682.045","1797526.61","0.918","88.71","87.79","38.09697385","-122.49681906","W12249681N3809697","Tangent"
"23","003/024","6418784.675","1798173.062","0.751","88.12","87.37","38.0987504","-122.49647474","W12249647N3809875","Tangent"
"24","003/025","6418887.668","1798821.224","1.967","88.19","86.22","38.10053166","-122.49612917","W12249612N3810053","Tangent"
"25","003/026","6418989.48","1799468.591","3.969","88.35","84.38","38.10231071","-122.49578767","W12249578N3810231","Tangent"
"26","003/027","6419178.667","1800235.357","5.75","88.71","82.96","38.10441892","-122.4951448","W12249514N3810441","Dead End"
"27","003/028","6419647.582","1801656.523","5.48","264.93","259.45","38.10832814","-122.49354217","W12249354N3810832","Tangent"
"28","003/029","6420210.289","1803353.845","6.649","265.45","258.8","38.112997","-122.49161861","W12249161N3811299","Tangent"
"29","004/030","6420684.032","1804787.078","10.073","83.46","73.39","38.11693938","-122.48999905","W12248999N3811693","Dead End"
"30","004/031","6420943.072","1805545.022","10.547","84.6","74.05","38.11902437","-122.48911293","W12248911N3811902","Dead End"
"31","004/032","6421420.696","1806154.361","11.152","84.94","73.79","38.12070453","-122.48746424","W12248746N3812070","Tangent"
"32","004/033","6421910.717","1806779.451","0.528","87.86","87.33","38.12242811","-122.48577268","W12248577N3812242","Tangent"
"33","004/034","6422228.464","1807184.951","1.38","87.11","85.73","38.12354618","-122.48467578","W12248467N3812354","Tangent"
"34","004/035","6422722.206","1807814.445","-0.644","86.15","86.79","38.12528186","-122.48297123","W12248297N3812528","Tangent"
"35","004/036","6423216.185","1808444.117","0.634","87.04","86.41","38.12701801","-122.48126578","W12248126N3812701","Tangent"
"36","005/037","6423710.811","1809073.296","0.803","87.21","86.41","38.12875278","-122.47955799","W12247955N3812875","Tangent"
"37","005/038","6424206.347","1809706.722","0.337","87.06","86.72","38.13049921","-122.47784703","W12247784N3813049","Tangent"
"38","005/039","6424698.055","1810333.508","0.793","87.6","86.81","38.13222732","-122.47614918","W12247614N3813222","Tangent"
"39","005/040","6425192.28","1810963.207","0.325","87.33","87.0","38.13396344","-122.47444254","W12247444N3813396","Tangent"
"40","005/041","6425759.989","1811687.566","0.344","100.51","100.17","38.13596051","-122.47248207","W12247248N3813596","Tangent"
"41","005/042","6426352.631","1812443.032","1.741","101.19","99.45","38.13804331","-122.47043538","W12247043N3813804","Tangent"
"42","005/043","6426659.197","1812834.011","5.105","88.86","83.75","38.13912121","-122.4693766","W12246937N3813912","Tangent"
"43","006/044","6427154.886","1813466.132","14.018","96.9","82.88","38.14086391","-122.46766459","W12246766N3814086","Tangent"
"44","006/045","6427648.832","1814095.891","21.099","103.53","82.43","38.14260007","-122.46595852","W12246595N3814260","Dead End"
"45","006/046","6428240.574","1814540.037","39.036","122.13","83.09","38.14382792","-122.46390905","W12246390N3814382","Tangent"
"46","006/047","6428808.618","1814966.735","64.123","146.52","82.4","38.14500749","-122.46194159","W12246194N3814500","Tangent"
"47","006/048","6429374.36","1815391.284","78.437","161.02","82.58","38.1461811","-122.45998204","W12245998N3814618","Tangent"
"48","006/049","6429985.324","1815850.3","114.061","196.42","82.36","38.14744994","-122.45786579","W12245786N3814744","Tangent"
"49","006/050","6430628.693","1816333.196","186.806","270.5","83.69","38.14878476","-122.4556372","W12245563N3814878","Tangent"
"50","006/051","6430956.092","1816578.984","188.909","272.24","83.33","38.14946414","-122.45450308","W12245450N3814946","Tangent"
"51","007/052","6431813.212","1817223.332","127.466","210.27","82.8","38.15124513","-122.45153391","W12245153N3815124","Dead End"
"52","007/053","6432633.642","1817839.129","53.254","191.76","138.51","38.15294715","-122.44869168","W12244869N3815294","Tangent"
"53","007/054","6433373.247","1818394.004","-0.414","182.84","183.25","38.15448073","-122.44612934","W12244612N3815448","Tangent"
"54","007/055","6434383.075","1819152.504","0.058","87.73","87.67","38.15657698","-122.44263065","W12244263N3815657","Dead End"
"55","007/056","6435022.367","1819631.289","0.506","87.7","87.19","38.15790016","-122.4404156","W12244041N3815790","Dead End"
"56","007/057","6435656.133","1819568.682","0.683","88.16","87.48","38.15773667","-122.43821062","W12243821N3815773","Tangent"
"57","007/058","6436359.881","1819498.87","0.953","88.62","87.67","38.15755427","-122.43576216","W12243576N3815755","Tangent"
"58","008/059","6437056.64","1819429.622","0.893","87.83","86.94","38.15737328","-122.43333802","W12243333N3815737","Tangent"
"59","008/060","6437853.255","1819351.114","0.796","87.63","86.83","38.1571681","-122.4305665","W12243056N3815716","Tangent"
"60","008/061","6438650.089","1819272.618","-0.076","87.4","87.48","38.1569629","-122.42779423","W12242779N3815696","Dead End"
"61","008/062","6439446.508","1819193.301","-0.432","87.7","88.13","38.15675537","-122.42502341","W12242502N3815675","Tangent"
"62","008/063","6440243.204","1819114.22","0.635","87.64","87.0","38.15654843","-122.42225164","W12242225N3815654","Tangent"
"63","008/064","6441039.582","1819035.535","0.454","87.83","87.38","38.1563425","-122.419481","W12241948N3815634","Tangent"
"64","008/065","6441835.562","1818956.849","-1.008","87.99","89.0","38.1561365","-122.41671176","W12241671N3815613","Tangent"
"65","009/066","6442607.543","1818880.637","0.492","87.4","86.91","38.15593692","-122.41402604","W12241402N3815593","Dead End"
"66","009/067","6444064.866","1818690.68","7.153","259.81","252.66","38.15543346","-122.40895532","W12240895N3815543","Tangent"
"67","009/068","6445553.002","1818496.983","6.576","259.28","252.7","38.15491987","-122.40377746","W12240377N3815491","Tangent"
"68","009/069","6447060.675","1818300.647","3.652","88.55","84.9","38.15439905","-122.39853171","W12239853N3815439","Dead End"
"69","010/070","6447817.753","1818202.159","5.512","88.94","83.43","38.1541377","-122.39589758","W12239589N3815413","Tangent"
"70","010/071","6448574.505","1818103.505","5.085","88.75","83.67","38.15387584","-122.3932646","W12239326N3815387","Tangent"
"71","010/072","6449331.551","1818005.084","4.923","89.14","84.22","38.15361456","-122.39063063","W12239063N3815361","Tangent"
"72","010/073","6450088.837","1817906.391","4.848","88.98","84.13","38.15335247","-122.38799583","W12238799N3815335","Tangent"
"73","010/074","6450845.782","1817808.023","4.582","88.78","84.2","38.15309122","-122.38536224","W12238536N3815309","Tangent"
"74","010/075","6451602.6","1817709.831","4.792","89.17","84.38","38.15283038","-122.38272912","W12238272N3815283","Tangent"
"75","010/076","6452097.256","1817645.513","4.76","93.47","88.71","38.15265948","-122.38100812","W12238100N3815265","Dead End"
"76","010/077","6452360.08","1817611.419","5.535","89.0","83.47","38.15256889","-122.38009371","W12238009N3815256","Tangent"
"77","011/078","6453153.947","1817508.097","4.081","89.24","85.16","38.15229427","-122.37733172","W12237733N3815229","Tangent"
"78","011/079","6453910.778","1817409.602","4.135","89.77","85.63","38.15203242","-122.37469861","W12237469N3815203","Tangent"
"79","011/080","6454668.589","1817311.477","4.748","89.47","84.72","38.15177153","-122.37206211","W12237206N3815177","Tangent"
"80","011/081","6455424.865","1817213.376","5.293","89.31","84.02","38.15151064","-122.36943097","W12236943N3815151","Tangent"
"81","011/082","6456139.393","1817120.086","4.414","89.13","84.72","38.15126243","-122.36694509","W12236694N3815126","Tangent"
"82","011/083","6456825.175","1817153.793","3.485","88.42","84.94","38.15136256","-122.36456095","W12236456N3815136","Tangent"
"83","011/084","6457536.366","1817187.159","4.818","89.37","84.55","38.15146199","-122.36208844","W12236208N3815146","Tangent"
"84","011/085","6458199.51","1817219.019","4.786","89.28","84.49","38.1515567","-122.35978298","W12235978N3815155","Tangent"
"85","012/086","6458882.321","1817251.91","4.568","88.32","83.75","38.15165441","-122.35740913","W12235740N3815165","Tangent"
"86","012/087","6459560.79","1817284.397","4.673","88.84","84.17","38.15175092","-122.35505038","W12235505N3815175","Tangent"
"87","012/088","6460344.885","1817322.377","4.758","88.73","83.97","38.15186358","-122.3523244","W12235232N3815186","Tangent"
"88","012/089","6461130.459","1817360.546","4.715","88.89","84.17","38.15197672","-122.34959328","W12234959N3815197","Tangent"
"89","012/090","6461861.106","1817395.803","4.772","89.18","84.41","38.15208122","-122.3470531","W12234705N3815208","Tangent"
"90","012/091","6462590.846","1817431.195","4.569","94.65","90.08","38.15218602","-122.34451607","W12234451N3815218","Dead End"
"91","012/092","6463291.814","1817465.145","3.964","89.04","85.08","38.15228651","-122.34207907","W12234207N3815228","Dead End"
"92","013/093","6464565.659","1817526.942","7.213","213.91","206.7","38.15246928","-122.33765036","W12233765N3815246","Tangent"
"93","013/094","6465267.372","1817560.647","9.032","194.03","185.0","38.15256896","-122.33521074","W12233521N3815256","Tangent"
"94","013/095","6466417.437","1817616.714","6.881","90.06","83.18","38.15273448","-122.33121235","W12233121N3815273","Dead End"
"95","013/096","6467142.439","1817651.234","6.859","90.55","83.69","38.1528365","-122.32869174","W12232869N3815283","Tangent"
"96","013/097","6467891.646","1817687.554","6.327","89.93","83.6","38.15294364","-122.32608698","W12232608N3815294","Tangent"
"97","013/098","6468639.305","1817723.876","6.064","91.11","85.05","38.15305071","-122.32348759","W12232348N3815305","Tangent"
"98","014/099","6469361.836","1817757.891","6.211","90.52","84.31","38.15315114","-122.32097554","W12232097N3815315","Tangent"
"99","014/100","6470031.407","1817789.967","6.55","90.62","84.07","38.15324569","-122.31864762","W12231864N3815324","Tangent"
"100","014/101","6470757.314","1817825.839","6.445","90.56","84.11","38.15335115","-122.31612385","W12231612N3815335","Tangent"
"101","014/102","6471480.739","1817861.278","6.498","90.42","83.92","38.15345534","-122.31360869","W12231360N3815345","Tangent"
"102","014/103","6472226.431","1817896.559","6.842","90.55","83.71","38.15355925","-122.31101609","W12231101N3815355","Tangent"
"103","014/104","6472975.158","1817932.783","6.595","90.58","83.99","38.15366572","-122.30841295","W12230841N3815366","Dead End"
"104","014/105","6474217.035","1817991.658","10.137","259.19","249.05","38.15383887","-122.3040952","W12230409N3815383","Tangent"
"105","015/106","6476047.214","1818081.183","5.298","262.24","256.94","38.15410134","-122.29773205","W12229773N3815410","Tangent"
"106","015/107","6477869.713","1818169.09","5.322","263.29","257.97","38.15435893","-122.29139553","W12229139N3815435","Tangent"
"107","015/108","6479384.169","1818242.179","5.245","89.41","84.16","38.15457284","-122.28613","W12228613N3815457","Dead End"
"108","015/109","6479628.904","1818253.861","24.748","87.43","62.68","38.15460703","-122.28527909","W12228527N3815460","Tangent"
"109","015/110","6480183.835","1818280.962","13.722","96.59","82.87","38.15468621","-122.28334967","W12228334N3815468","Dead End"
"110","015/111","6480897.339","1818642.779","5.358","89.89","84.53","38.15568578","-122.28087243","W12228087N3815568","Tangent"
"111","015/112","6481611.179","1819004.928","5.521","90.42","84.9","38.15668621","-122.27839395","W12227839N3815668","Tangent"
"112","016/113","6482322.378","1819365.282","5.48","90.29","84.81","38.15768163","-122.27592457","W12227592N3815768","Tangent"
"113","016/114","6483036.433","1819727.601","5.861","90.55","84.69","38.15868243","-122.2734452","W12227344N3815868","Tangent"
"114","016/115","6483750.048","1820089.79","6.813","91.54","84.73","38.1596828","-122.2709673","W12227096N3815968","Tangent"
"115","016/116","6484463.916","1820451.983","10.103","92.13","82.03","38.16068314","-122.26848844","W12226848N3816068","Tangent"
"116","016/117","6485177.976","1820814.082","14.563","96.33","81.77","38.16168317","-122.26600885","W12226600N3816168","Tangent"
"117","016/118","6485895.382","1821178.317","18.702","100.56","81.86","38.16268904","-122.26351758","W12226351N3816268","Dead End"
"118","017/119","6486608.096","1821539.751","25.232","107.38","82.15","38.16368712","-122.26104253","W12226104N3816368","Tangent"
"119","017/120","6487310.588","1821895.823","31.342","123.46","92.12","38.16467035","-122.2586029","W12225860N3816467","Tangent"
"120","017/121","6488032.896","1822262.442","40.412","132.28","91.87","38.16568265","-122.2560944","W12225609N3816568","Tangent"
"121","017/122","6488747.089","1822624.483","48.529","130.91","82.38","38.16668225","-122.25361399","W12225361N3816668","Dead End"
"122","018/123","6489244.037","1822876.6","54.634","135.5","80.87","38.16737832","-122.25188805","W12225188N3816737","Tangent"
"123","018/124","6489958.072","1823238.566","62.463","144.65","82.19","38.16837762","-122.24940808","W12224940N3816837","Tangent"
"124","018/125","6490663.991","1823596.681","71.958","154.13","82.17","38.16936624","-122.24695624","W12224695N3816936","Tangent"
"125","018/126","6491376.293","1823957.839","79.36","161.32","81.96","38.17036321","-122.24448216","W12224448N3817036","Tangent"
"126","018/127","6492129.602","1824340.205","99.563","181.76","82.2","38.17141866","-122.24186557","W12224186N3817141","Tangent"
"127","018/128","6492949.634","1824756.048","185.123","268.01","82.89","38.17256646","-122.23901713","W12223901N3817256","Tangent"
"128","018/129","6493582.125","1825076.875","246.839","329.63","82.79","38.17345194","-122.23682006","W12223682N3817345","Tangent"
"129","018/130","6494298.82","1825440.436","311.255","394.13","82.88","38.17445532","-122.23433044","W12223433N3817445","Tangent"
"130","018/131","6495139.749","1825817.598","383.506","459.49","75.98","38.17549686","-122.23140873","W12223140N3817549","Tangent"
"131","019/132","6495521.962","1826060.95","450.164","532.94","82.78","38.17616773","-122.23008138","W12223008N3817616","Tangent"
"132","019/133","6496360.577","1826486.672","486.787","570.01","83.22","38.17734249","-122.22716801","W12222716N3817734","Tangent"
"133","019/134","6497867.992","1827250.949","583.224","665.39","82.17","38.1794513","-122.22193096","W12222193N3817945","Tangent"
"134","019/135","6498528.214","1827534.267","677.248","752.95","75.7","38.18023365","-122.21963669","W12221963N3818023","Tangent"
"135","019/136","6498951.427","1827801.019","716.748","799.9","83.15","38.18096891","-122.21816672","W12221816N3818096","Tangent"
"136","019/137","6499492.718","1828023.869","729.222","800.1","70.88","38.18158437","-122.21628559","W12221628N3818158","Tangent"
"137","020/138","6500302.471","1828451.337","841.786","915.09","73.3","38.18276339","-122.21347219","W12221347N3818276","Dead End"
"138","020/138A","6500331.256","1828456.767","843.615","916.66","73.05","38.18277849","-122.2133721","W12221337N3818277","Dead End"
"139","020/138A","6501337.953","1828989.638","640.86","698.99","58.13","38.1842481","-122.20987432","W12220987N3818424","Dead End"
"140","020/139","6501867.018","1829239.041","724.393","798.1","73.71","38.18493626","-122.20803577","W12220803N3818493","Dead End"
"141","020/139","6501897.542","1829258.458","722.692","795.97","73.28","38.18498977","-122.20792974","W12220792N3818498","Dead End"
"142","020/140","6502418.905","1829561.19","689.858","774.08","84.22","38.18582429","-122.20611838","W12220611N3818582","Tangent"
"143","020/141","6502759.843","1829734.245","660.348","744.78","84.43","38.18630159","-122.20493364","W12220493N3818630","Tangent"
"144","020/142","6503897.987","1830305.32","597.776","706.04","108.26","38.18787665","-122.20097851","W12220097N3818787","Dead End"
"145","020/143","6505448.1","1831098.533","521.795","610.04","88.25","38.19006398","-122.19559158","W12219559N3819006","Tangent"
"146","021/144","6506190.387","1831475.693","626.627","708.69","82.06","38.19110396","-122.19301187","W12219301N3819110","Tangent"
"147","021/145","6507007.798","1831882.96","456.213","555.74","99.53","38.19222698","-122.19017092","W12219017N3819222","Dead End"
"148","021/146","6508263.997","1832528.289","452.024","596.88","144.86","38.19400609","-122.18580492","W12218580N3819400","Tangent"
"149","021/147A","6509578.164","1833151.56","704.86","786.61","81.75","38.19572479","-122.18123685","W12218123N3819572","Tangent"
"150","021/148A","6509882.84","1833302.775","751.274","828.05","76.78","38.19614166","-122.1801778","W12218017N3819614","Tangent"
"151","021/149","6510660.664","1833689.708","684.107","755.35","71.24","38.19720833","-122.17747406","W12217747N3819720","Tangent"
"152","022/150","6511494.554","1834119.448","697.669","773.75","76.08","38.19839276","-122.17457544","W12217457N3819839","Tangent"
"153","022/150A","6512169.368","1834488.097","695.046","750.36","55.31","38.19940855","-122.17222984","W12217222N3819940","Tangent"
"154","022/151","6512575.633","1834717.356","729.423","812.24","82.82","38.20004017","-122.17081771","W12217081N3820004","Tangent"
"155","022/152","6513360.282","1835116.339","534.669","619.78","85.11","38.20113973","-122.16809001","W12216809N3820113","Tangent"
"156","022/153","6514297.761","1835592.345","386.265","469.99","83.72","38.20245149","-122.16483091","W12216483N3820245","Tangent"
"157","022/154","6515438.616","1836171.985","320.787","403.18","82.39","38.20404871","-122.16086463","W12216086N3820404","Tangent"
"158","023/155","6516117.113","1836517.015","152.392","236.02","83.63","38.20499938","-122.15850569","W12215850N3820499","Dead End"
"159","023/156","6517047.177","1836516.807","100.577","182.71","82.13","38.20500322","-122.15526921","W12215526N3820500","Tangent"
"160","023/157","6517792.02","1836521.225","85.486","185.4","99.91","38.20501882","-122.1526773","W12215267N3820501","Tangent"
"161","023/158","6518673.833","1836514.802","68.756","151.71","82.95","38.20500521","-122.14960868","W12214960N3820500","Tangent"
"162","023/158A","6519043.216","1836519.521","61.775","130.81","69.04","38.20501983","-122.14832332","W12214832N3820501","Tangent"
"163","B019/137","6519474.11","1836514.316","59.05","141.44","82.39","38.20500745","-122.14682384","W12214682N3820500","Tangent"
"164","B019/136","6520274.981","1836514.252","51.134","132.97","81.84","38.2050108","-122.14403693","W12214403N3820501","Tangent"
"165","B019/135","6521006.437","1836514.29","45.313","126.67","81.36","38.20501406","-122.14149158","W12214149N3820501","Tangent"
"166","B019/134","6521808.01","1836513.991","36.977","118.27","81.29","38.20501663","-122.13870223","W12213870N3820501","Tangent"
"167","B019/133","6522207.411","1836513.241","33.634","112.86","79.23","38.20501624","-122.13731237","W12213731N3820501","Tangent"
"168","B019/132","6523008.338","1836512.792","26.551","108.23","81.68","38.20501829","-122.13452526","W12213452N3820501","Tangent"
"169","B019/131","6523809.137","1836512.433","20.028","100.0","79.97","38.20502053","-122.1317386","W12213173N3820502","Tangent"
"170","B019/130","6524610.059","1836512.187","16.837","95.05","78.21","38.20502301","-122.12895152","W12212895N3820502","Tangent"
"171","B018/129","6525333.603","1836511.519","12.423","100.62","88.2","38.20502397","-122.12643369","W12212643N3820502","Tangent"
"172","B018/129A","6525863.432","1836511.446","10.746","87.2","76.45","38.20502577","-122.12458997","W12212458N3820502","Tangent"
"173","B018/128","6526410.03","1836511.941","8.932","96.62","87.69","38.20502917","-122.12268789","W12212268N3820502","Dead End"
"174","B018/127","6526900.708","1837129.708","4.334","88.75","84.42","38.20672728","-122.12098327","W12212098N3820672","Tangent"
"175","B018/126","6527401.548","1837760.77","3.954","88.12","84.17","38.2084619","-122.11924326","W12211924N3820846","Tangent"
"176","B018/125","6527895.063","1838382.527","5.498","88.98","83.48","38.21017092","-122.11752862","W12211752N3821017","Tangent"
"177","B018/124","6528388.461","1839004.272","43.141","125.82","82.68","38.21187988","-122.1158143","W12211581N3821187","Tangent"
"178","B018/123","6529135.301","1839946.04","48.789","131.79","83.0","38.21446842","-122.11321925","W12211321N3821446","Dead End"
"179","B017/122","6529266.677","1840338.831","89.84","171.88","82.04","38.21554742","-122.11276371","W12211276N3821554","Dead End"
"180","017/122","6529357.511","1840610.851","78.37","161.94","83.57","38.21629466","-122.11244875","W12211244N3821629","Dead End"
"181","HIGHWAY_SUB","6488767.839","1822555.67","48.656","98.42","49.76","38.16649346","-122.25354116","W12225354N3816649","Dead End"
"182","017/122","6529660.252","1840511.219","38.069","127.33","89.26","38.21602211","-122.11139467","W12211139N3821602","Dead End"
"183","025/175","6529425.679","1840147.098","82.189","118.88","36.69","38.21502149","-122.11220951","W12211220N3821502","Dead End"
"184","017/125","6529377.152","1840154.438","82.145","171.33","89.19","38.21504148","-122.11237843","W12211237N3821504","Dead End"
"185","018/126","6529159.643","1839880.215","51.732","139.83","88.1","38.21428776","-122.11313425","W12211313N3821428","Tangent"
"186","018/127","6528435.023","1838967.318","49.853","137.89","88.04","38.21177857","-122.1156521","W12211565N3821177","Tangent"
"187","018/128","6527941.72","1838345.796","5.728","93.63","87.9","38.21007023","-122.11736608","W12211736N3821007","Tangent"
"188","018/129","6527448.266","1837723.735","3.762","92.42","88.66","38.20836037","-122.11908051","W12211908N3820836","Tangent"
"189","018/130","6526947.185","1837092.754","4.38","93.44","89.06","38.20662598","-122.12082136","W12212082N3820662","Tangent"
"190","018/131","6526443.565","1836457.782","8.674","113.55","104.88","38.20488059","-122.12257094","W12212257N3820488","Tangent"
"191","019/132","6525990.567","1835886.028","8.889","95.73","86.84","38.20330894","-122.12414458","W12212414N3820330","Tangent"
"192","019/133","6525542.522","1835322.045","8.117","95.54","87.42","38.20175864","-122.12570096","W12212570N3820175","Tangent"
"193","019/134","6525048.57","1834699.301","7.587","95.44","87.85","38.20004679","-122.12741672","W12212741N3820004","Dead End"
"194","019/135","6524537.363","1834170.771","6.792","95.08","88.29","38.19859354","-122.12919291","W12212919N3819859","Tangent"
"195","019/136","6524050.75","1833667.77","14.141","102.13","87.99","38.19721046","-122.13088357","W12213088N3819721","Tangent"
"196","019/137","6523529.017","1833128.814","20.281","108.37","88.09","38.19572849","-122.13269619","W12213269N3819572","Tangent"
"197","020/138","6523007.566","1832589.77","24.625","112.59","87.97","38.19424625","-122.13450775","W12213450N3819424","Tangent"
"198","020/139","6522503.474","1832068.565","29.242","117.06","87.82","38.19281304","-122.13625893","W12213625N3819281","Tangent"
"199","020/140","6522207.886","1831763.569","32.417","145.54","113.12","38.19197435","-122.13728575","W12213728N3819197","Tangent"
"200","020/141","6521770.22","1831310.763","32.805","120.06","87.25","38.19072918","-122.13880607","W12213880N3819072","Dead End"
"201","020/142","6521409.298","1830630.337","33.671","121.03","87.36","38.18885932","-122.14005813","W12214005N3818885","Tangent"
"202","020/143","6521046.253","1829945.075","34.978","122.08","87.1","38.18697615","-122.14131748","W12214131N3818697","Tangent"
"203","020/144","6520683.309","1829260.975","43.574","131.53","87.96","38.18509616","-122.14257642","W12214257N3818509","Tangent"
"204","020/145","6520237.796","1828422.704","133.04","222.28","89.24","38.18279247","-122.14412168","W12214412N3818279","Dead End"
"205","021/146","6519898.795","1827783.455","129.81","218.21","88.4","38.1810357","-122.14529743","W12214529N3818103","Tangent"
"206","021/147","6519556.083","1827136.354","196.756","294.19","97.43","38.17925735","-122.14648599","W12214648N3817925","Tangent"
"207","021/148","6519208.172","1826480.142","248.414","351.64","103.23","38.17745395","-122.14769252","W12214769N3817745","Tangent"
"208","021/149","6518950.44","1825994.457","354.986","445.18","90.19","38.17611918","-122.14858628","W12214858N3817611","Tangent"
"209","021/150","6518647.078","1825420.952","481.977","570.08","88.1","38.17454306","-122.14963822","W12214963N3817454","Tangent"
"210","021/151","6518506.174","1825156.425","523.236","611.2","87.96","38.17381607","-122.15012682","W12215012N3817381","Tangent"
"211","021/152","6518004.585","1824210.286","589.31","677.43","88.12","38.17121583","-122.15186601","W12215186N3817121","Dead End"
"212","021/153","6517583.154","1823415.783","646.784","738.42","91.64","38.16903231","-122.15332717","W12215332N3816903","Dead End"
"213","022/154","6516945.11","1822211.829","608.929","699.47","90.54","38.16572347","-122.15553919","W12215553N3816572","Dead End"
"214","022/155","6516328.57","1821049.265","784.025","872.87","88.84","38.16252833","-122.15767646","W12215767N3816252","Tangent"
"215","022/156","6515860.651","1820166.928","726.386","816.1","89.71","38.16010334","-122.15929841","W12215929N3816010","Dead End"
"216","022/157","6515165.913","1818856.804","821.821","911.15","89.33","38.15650258","-122.16170637","W12216170N3815650","Tangent"
"217","022/158","6514392.19","1817396.767","821.849","912.04","90.19","38.15248974","-122.16438779","W12216438N3815248","Tangent"
"218","023/159","6513700.945","1816093.371","757.551","844.99","87.44","38.14890737","-122.16678314","W12216678N3814890","Tangent"
"219","023/160","6513199.883","1815147.562","635.098","724.08","88.98","38.1463078","-122.1685193","W12216851N3814630","Tangent"
"220","023/161","6513012.594","1814795.286","577.495","667.0","89.5","38.14533955","-122.16916822","W12216916N3814533","Tangent"
"221","023/162","6512760.616","1814320.027","459.111","548.19","89.08","38.14403328","-122.17004124","W12217004N3814403","Dead End"
"222","023/163","6511839.029","1812581.802","482.291","572.47","90.18","38.13925562","-122.17323398","W12217323N3813925","Tangent"
"223","023/164","6511590.738","1812113.688","504.17","594.62","90.45","38.13796896","-122.17409408","W12217409N3813796","Tangent"
"224","024/165","6510930.625","1810868.561","550.134","641.44","91.31","38.13454656","-122.17638063","W12217638N3813454","Tangent"
"225","024/166","6510684.954","1810405.64","627.955","715.85","87.89","38.13327414","-122.17723155","W12217723N3813327","Tangent"
"226","024/167","6510403.678","1809874.988","697.573","790.81","93.24","38.13181555","-122.17820575","W12217820N3813181","Tangent"
"227","024/168","6510159.619","1809411.785","654.571","749.2","94.63","38.13054236","-122.17905099","W12217905N3813054","Tangent"
"228","024/169","6509736.747","1808617.265","488.155","576.7","88.55","38.12835844","-122.18051551","W12218051N3812835","Dead End"
"229","024/170","6509150.818","1807511.422","569.719","671.16","101.44","38.12531877","-122.18254456","W12218254N3812531","Tangent"
"230","024/171","6509043.531","1807308.459","558.888","660.89","102.0","38.12476088","-122.18291606","W12218291N3812476","Dead End"
"231","024/172","6508542.506","1806366.108","441.734","532.64","90.91","38.12217057","-122.18465095","W12218465N3812217","Tangent"
"232","025/173","6508168.812","1805659.715","392.42","480.08","87.66","38.12022884","-122.18594482","W12218594N3812022","Dead End"
"233","025/174","6507663.27","1804705.4","432.684","531.79","99.11","38.11760561","-122.1876951","W12218769N3811760","Tangent"
"234","025/175","6507428.977","1804263.689","424.964","522.24","97.28","38.11639142","-122.18850622","W12218850N3811639","Tangent"
"235","025/176","6506915.58","1803295.801","474.855","564.47","89.61","38.11373083","-122.19028352","W12219028N3811373","Dead End"
"236","025/177","6506591.021","1802683.09","608.96","695.6","86.64","38.11204656","-122.19140701","W12219140N3811204","Dead End"
"237","025/178","6506474.156","1802147.703","501.008","592.03","91.02","38.11057581","-122.19180923","W12219180N3811057","Dead End"
"238","025/179","6506328.123","1801481.2","414.91","498.56","83.65","38.10874486","-122.19231183","W12219231N3810874","Dead End"
"239","025/180","6506169.576","1800752.429","435.441","523.62","88.18","38.10674287","-122.19285743","W12219285N3810674","Tangent"
"240","026/181","6506057.595","1800239.511","429.656","517.58","87.92","38.10533383","-122.19324278","W12219324N3810533","Tangent"
"241","026/182","6505759.394","1798873.848","294.429","382.51","88.08","38.10158222","-122.19426889","W12219426N3810158","Tangent"
"242","026/183","6505662.591","1798429.691","289.913","379.23","89.32","38.10036208","-122.19460196","W12219460N3810036","Tangent"
"243","026/184","6505362.198","1797054.116","197.007","293.11","96.1","38.09658323","-122.19563547","W12219563N3809658","Tangent"
"244","026/185","6505237.647","1796483.153","223.868","311.22","87.35","38.09501474","-122.19606395","W12219606N3809501","Tangent"
"245","026/186","6505088.547","1795800.002","164.12","265.62","101.5","38.09313804","-122.19657687","W12219657N3809313","Tangent"
"246","027/187","6504816.972","1794555.129","92.244","182.05","89.81","38.08971824","-122.19751103","W12219751N3808971","Tangent"
"247","027/188","6504684.61","1793945.015","111.001","199.8","88.8","38.08804219","-122.19796628","W12219796N3808804","Tangent"
"248","027/189","6504484.081","1793029.091","137.767","225.39","87.62","38.08552603","-122.19865599","W12219865N3808552","Dead End"
"249","027/190","6504612.874","1791849.959","49.223","143.18","93.96","38.08228913","-122.19819962","W12219819N3808228","Tangent"
"250","027/191","6504699.772","1791054.531","29.607","117.13","87.52","38.08010555","-122.19789173","W12219789N3808010","Tangent"
"251","027/192","6504765.21","1790457.683","7.218","95.7","88.48","38.07846711","-122.1976599","W12219765N3807846","Tangent"
"252","027/193","6504830.277","1789861.64","14.914","102.3","87.39","38.07683088","-122.19742939","W12219742N3807683","Tangent"
"253","028/194","6504917.367","1789066.282","14.865","102.0","87.14","38.0746475","-122.19712087","W12219712N3807464","Tangent"
"254","028/195","6505006.703","1788251.73","21.393","110.3","88.91","38.07241143","-122.19680443","W12219680N3807241","Tangent"
"255","028/196","6505082.653","1787555.585","77.848","166.9","89.05","38.0705004","-122.1965354","W12219653N3807050","Tangent"
"256","028/197","6505154.253","1786900.313","98.287","186.58","88.29","38.06870157","-122.19628179","W12219628N3806870","Tangent"
"257","028/198A","6505211.119","1786380.341","110.7","201.57","90.87","38.06727417","-122.19608039","W12219608N3806727","Dead End"
"258","029/198","6505181.442","1786247.598","108.795","165.26","56.47","38.0669095","-122.19618246","W12219618N3806690","Dead End"
"259","005/040","6505131.832","1786132.289","99.429","155.74","56.31","38.06659259","-122.1963539","W12219635N3806659","Dead End"
"260","005/040A","6505203.154","1786145.604","90.264","132.02","41.76","38.06662958","-122.19610629","W12219610N3806662","Dead End"
"261","005/040B","6505077.378","1786199.322","120.545","157.12","36.58","38.06677633","-122.19654353","W12219654N3806677","Dead End"
"262","A034/241B","6504955.649","1786251.582","145.983","202.1","56.12","38.0669191","-122.19696671","W12219696N3806691","Dead End"
"263","A034/241","6504266.928","1786546.746","198.224","283.07","84.85","38.06772544","-122.19936099","W12219936N3806772","Tangent"
"264","A034/240","6503473.667","1786800.256","176.698","262.07","85.37","38.06841672","-122.2021181","W12220211N3806841","Tangent"
"265","A034/239","6503012.317","1786947.72","153.351","239.6","86.25","38.0688188","-122.20372162","W12220372N3806881","Tangent"
"266","A034/238","6501501.135","1787430.691","82.937","210.43","127.49","38.07013552","-122.20897418","W12220897N3807013","Tangent"
"267","A034/237","6501053.827","1787573.596","142.309","226.34","84.03","38.07052508","-122.21052897","W12221052N3807052","Tangent"
"268","A033/236","6499529.0","1788184.03","169.123","269.49","100.37","38.07219139","-122.21583023","W12221583N3807219","Dead End"
"269","A033/235","6498852.868","1789056.451","236.666","322.51","85.84","38.07458245","-122.21818598","W12221818N3807458","Dead End"
"270","A033/234","6498165.526","1789943.01","199.392","276.02","76.63","38.07701222","-122.22058096","W12222058N3807701","Dead End"
"271","A033/233","6497859.646","1789986.811","200.171","259.84","59.67","38.07713044","-122.22164384","W12222164N3807713","Tangent"
"272","033/233","6497290.973","1790075.394","282.913","379.3","96.39","38.07736985","-122.22361997","W12222361N3807736","Tangent"
"273","033/234","6496826.431","1790145.88","304.614","389.53","84.92","38.07756024","-122.22523423","W12222523N3807756","Tangent"
"274","033/235","6495946.184","1790279.148","300.831","401.48","100.65","38.07792014","-122.22829308","W12222829N3807792","Tangent"
"275","033/236","6494842.44","1790480.271","106.292","188.68","82.39","38.07846471","-122.23212892","W12223212N3807846","Tangent"
"276","034/237","6493601.899","1790330.153","114.559","225.16","110.6","38.07804373","-122.23643685","W12223643N3807804","Dead End"
"277","034/238","6492731.249","1790612.327","116.295","234.38","118.09","38.07881226","-122.23946379","W12223946N3807881","Dead End"
"278","034/239","6492089.277","1791184.764","140.137","255.9","115.76","38.0803794","-122.24169912","W12224169N3808037","Dead End"
"279","034/240","6491246.254","1792361.568","166.841","250.52","83.68","38.08360448","-122.24463862","W12224463N3808360","Tangent"
"280","034/241","6491040.676","1792680.073","147.152","232.48","85.33","38.08447752","-122.24535577","W12224535N3808447","Dead End"
"281","034/242","6490200.837","1792704.389","4.066","342.26","338.19","38.08453802","-122.2482736","W12224827N3808453","Tangent"
"282","034/243","6488429.551","1792911.991","3.945","292.52","288.58","38.0850946","-122.25442907","W12225442N3808509","Tangent"
"283","034/244","6487677.934","1792978.776","10.545","67.81","57.27","38.08527218","-122.25704086","W12225704N3808527","Dead End"
"284","MARE_ISLAND_SUB","6487623.8","1792992.48","12.104","49.99","37.89","38.08530938","-122.25722906","W12225722N3808530","Dead End"
